	bio_celltype
pdacb_cell_0	Cancer
pdacb_cell_1	Ductal - terminal ductal like
pdacb_cell_2	Cancer
pdacb_cell_4	Ductal - terminal ductal like
pdacb_cell_5	Cancer
pdacb_cell_6	Ductal - MHC Class II
pdacb_cell_7	Ductal - terminal ductal like
pdacb_cell_8	Ductal - terminal ductal like
pdacb_cell_9	Ductal - CRISP3 high
pdacb_cell_10	Ductal - terminal ductal like
pdacb_cell_11	Ductal - terminal ductal like
pdacb_cell_12	Ductal - terminal ductal like
pdacb_cell_13	Ductal - terminal ductal like
pdacb_cell_14	Ductal - terminal ductal like
pdacb_cell_15	Ductal - CRISP3 high
pdacb_cell_16	Ductal - terminal ductal like
pdacb_cell_17	Endothelial cells
pdacb_cell_18	Ductal - terminal ductal like
pdacb_cell_19	Cancer
pdacb_cell_20	Ductal - terminal ductal like
pdacb_cell_21	Endothelial cells
pdacb_cell_22	Ductal - terminal ductal like
pdacb_cell_23	Ductal - terminal ductal like
pdacb_cell_24	Endocrine cells
pdacb_cell_25	Ductal - CRISP3 high
pdacb_cell_26	Ductal - terminal ductal like
pdacb_cell_27	Cancer
pdacb_cell_28	Ductal - MHC Class II
pdacb_cell_29	Ductal - terminal ductal like
pdacb_cell_30	Ductal - terminal ductal like
pdacb_cell_31	Ductal - terminal ductal like
pdacb_cell_32	Ductal - terminal ductal like
pdacb_cell_33	Ductal - terminal ductal like
pdacb_cell_34	Ductal - terminal ductal like
pdacb_cell_35	Ductal - terminal ductal like
pdacb_cell_36	Ductal - terminal ductal like
pdacb_cell_37	Ductal - terminal ductal like
pdacb_cell_38	Ductal - terminal ductal like
pdacb_cell_39	Cancer
pdacb_cell_40	Ductal - terminal ductal like
pdacb_cell_41	Ductal - terminal ductal like
pdacb_cell_42	Ductal - terminal ductal like
pdacb_cell_43	Cancer
pdacb_cell_44	Ductal - terminal ductal like
pdacb_cell_45	mDCs
pdacb_cell_46	Ductal - terminal ductal like
pdacb_cell_47	Cancer
pdacb_cell_48	Ductal - terminal ductal like
pdacb_cell_49	Ductal - terminal ductal like
pdacb_cell_50	Cancer
pdacb_cell_51	Ductal - terminal ductal like
pdacb_cell_52	Ductal - terminal ductal like
pdacb_cell_53	Ductal - terminal ductal like
pdacb_cell_54	Ductal - terminal ductal like
pdacb_cell_55	Cancer
pdacb_cell_56	Ductal - MHC Class II
pdacb_cell_57	mDCs
pdacb_cell_58	Ductal - MHC Class II
pdacb_cell_59	Cancer
pdacb_cell_60	Ductal - terminal ductal like
pdacb_cell_61	Ductal - terminal ductal like
pdacb_cell_62	Ductal - terminal ductal like
pdacb_cell_63	Ductal - terminal ductal like
pdacb_cell_64	Ductal - terminal ductal like
pdacb_cell_65	Ductal - terminal ductal like
pdacb_cell_66	Cancer
pdacb_cell_67	Cancer
pdacb_cell_68	Ductal - terminal ductal like
pdacb_cell_69	Ductal - terminal ductal like
pdacb_cell_70	Ductal - terminal ductal like
pdacb_cell_71	Ductal - CRISP3 high
pdacb_cell_72	Cancer
pdacb_cell_73	Cancer
pdacb_cell_74	Ductal - terminal ductal like
pdacb_cell_75	Ductal - terminal ductal like
pdacb_cell_76	Ductal - terminal ductal like
pdacb_cell_77	Ductal - terminal ductal like
pdacb_cell_78	Ductal - terminal ductal like
pdacb_cell_79	Ductal - terminal ductal like
pdacb_cell_80	Ductal - terminal ductal like
pdacb_cell_81	Ductal - terminal ductal like
pdacb_cell_82	Endothelial cells
pdacb_cell_83	Ductal - MHC Class II
pdacb_cell_84	Ductal - terminal ductal like
pdacb_cell_85	Ductal - MHC Class II
pdacb_cell_86	Ductal - terminal ductal like
pdacb_cell_87	Cancer
pdacb_cell_88	Ductal - terminal ductal like
pdacb_cell_89	Ductal - terminal ductal like
pdacb_cell_90	Ductal - terminal ductal like
pdacb_cell_91	Ductal - terminal ductal like
pdacb_cell_92	Cancer
pdacb_cell_93	Ductal - MHC Class II
pdacb_cell_94	Ductal - terminal ductal like
pdacb_cell_95	Ductal - terminal ductal like
pdacb_cell_96	Ductal - terminal ductal like
pdacb_cell_97	Ductal - terminal ductal like
pdacb_cell_98	Ductal - terminal ductal like
pdacb_cell_99	Cancer
pdacb_cell_100	Endothelial cells
pdacb_cell_101	Ductal - terminal ductal like
pdacb_cell_102	Ductal - terminal ductal like
pdacb_cell_103	Ductal - terminal ductal like
pdacb_cell_104	Ductal - MHC Class II
pdacb_cell_105	Ductal - terminal ductal like
pdacb_cell_106	Ductal - terminal ductal like
pdacb_cell_107	Ductal - CRISP3 high
pdacb_cell_108	Cancer
pdacb_cell_109	Ductal - MHC Class II
pdacb_cell_110	Ductal - terminal ductal like
pdacb_cell_111	Ductal - terminal ductal like
pdacb_cell_112	Ductal - terminal ductal like
pdacb_cell_113	Cancer
pdacb_cell_114	Ductal - terminal ductal like
pdacb_cell_115	Ductal - terminal ductal like
pdacb_cell_116	Ductal - MHC Class II
pdacb_cell_117	Endothelial cells
pdacb_cell_118	Ductal - terminal ductal like
pdacb_cell_119	Ductal - terminal ductal like
pdacb_cell_120	Cancer
pdacb_cell_121	Ductal - terminal ductal like
pdacb_cell_122	Ductal - terminal ductal like
pdacb_cell_123	mDCs
pdacb_cell_124	Cancer
pdacb_cell_125	Ductal - terminal ductal like
pdacb_cell_126	Ductal - MHC Class II
pdacb_cell_127	Ductal - MHC Class II
pdacb_cell_128	Ductal - MHC Class II
pdacb_cell_129	Ductal - MHC Class II
pdacb_cell_130	Cancer
pdacb_cell_131	Endothelial cells
pdacb_cell_132	Ductal - terminal ductal like
pdacb_cell_133	Endothelial cells
pdacb_cell_134	Ductal - terminal ductal like
pdacb_cell_135	Ductal - terminal ductal like
pdacb_cell_136	Cancer
pdacb_cell_137	Ductal - terminal ductal like
pdacb_cell_138	Ductal - terminal ductal like
pdacb_cell_139	Cancer
pdacb_cell_140	Ductal - MHC Class II
pdacb_cell_141	Cancer
pdacb_cell_142	Ductal - terminal ductal like
pdacb_cell_143	Ductal - terminal ductal like
pdacb_cell_144	Tuft cells
pdacb_cell_145	Ductal - terminal ductal like
pdacb_cell_146	Cancer
pdacb_cell_147	Ductal - terminal ductal like
pdacb_cell_148	Ductal - terminal ductal like
pdacb_cell_149	Ductal - terminal ductal like
pdacb_cell_150	Ductal - terminal ductal like
pdacb_cell_151	Ductal - terminal ductal like
pdacb_cell_152	Tuft cells
pdacb_cell_153	Cancer
pdacb_cell_154	Cancer
pdacb_cell_155	Endothelial cells
pdacb_cell_156	Ductal - CRISP3 high
pdacb_cell_157	Ductal - MHC Class II
pdacb_cell_158	Ductal - terminal ductal like
pdacb_cell_159	Ductal - terminal ductal like
pdacb_cell_160	Ductal - terminal ductal like
pdacb_cell_161	Cancer
pdacb_cell_162	Ductal - terminal ductal like
pdacb_cell_163	Ductal - terminal ductal like
pdacb_cell_164	Ductal - terminal ductal like
pdacb_cell_165	Endocrine cells
pdacb_cell_166	Ductal - MHC Class II
pdacb_cell_167	Ductal - terminal ductal like
pdacb_cell_168	mDCs
pdacb_cell_169	Ductal - MHC Class II
pdacb_cell_170	Cancer
pdacb_cell_171	Endothelial cells
pdacb_cell_172	Ductal - terminal ductal like
pdacb_cell_173	Ductal - terminal ductal like
pdacb_cell_174	Cancer
pdacb_cell_175	Tuft cells
pdacb_cell_176	Ductal - terminal ductal like
pdacb_cell_177	Ductal - terminal ductal like
pdacb_cell_178	Ductal - terminal ductal like
pdacb_cell_179	Ductal - terminal ductal like
pdacb_cell_180	Ductal - terminal ductal like
pdacb_cell_181	Ductal - MHC Class II
pdacb_cell_182	Ductal - terminal ductal like
pdacb_cell_183	Cancer
pdacb_cell_184	Ductal - terminal ductal like
pdacb_cell_185	Cancer
pdacb_cell_186	Ductal - terminal ductal like
pdacb_cell_187	Endothelial cells
pdacb_cell_188	Ductal - terminal ductal like
pdacb_cell_189	Cancer
pdacb_cell_190	Cancer
pdacb_cell_191	Cancer
pdacb_cell_192	Endothelial cells
pdacb_cell_193	Ductal - terminal ductal like
pdacb_cell_194	Ductal - terminal ductal like
pdacb_cell_195	Cancer
pdacb_cell_196	Cancer
pdacb_cell_197	Ductal - terminal ductal like
pdacb_cell_198	Cancer
pdacb_cell_199	Ductal - MHC Class II
pdacb_cell_200	Cancer
pdacb_cell_201	Ductal - CRISP3 high
pdacb_cell_202	Ductal - terminal ductal like
pdacb_cell_203	Ductal - terminal ductal like
pdacb_cell_204	Cancer
pdacb_cell_205	Ductal - terminal ductal like
pdacb_cell_206	Endothelial cells
pdacb_cell_207	Endothelial cells
pdacb_cell_208	Ductal - terminal ductal like
pdacb_cell_209	Ductal - terminal ductal like
pdacb_cell_210	Ductal - MHC Class II
pdacb_cell_211	Ductal - terminal ductal like
pdacb_cell_212	mDCs
pdacb_cell_214	Ductal - terminal ductal like
pdacb_cell_215	Ductal - terminal ductal like
pdacb_cell_216	mDCs
pdacb_cell_217	Ductal - terminal ductal like
pdacb_cell_218	Ductal - terminal ductal like
pdacb_cell_219	Ductal - terminal ductal like
pdacb_cell_220	Ductal - terminal ductal like
pdacb_cell_221	Ductal - terminal ductal like
pdacb_cell_222	Ductal - MHC Class II
pdacb_cell_223	Ductal - MHC Class II
pdacb_cell_224	Cancer
pdacb_cell_225	Ductal - terminal ductal like
pdacb_cell_226	Ductal - MHC Class II
pdacb_cell_227	Ductal - terminal ductal like
pdacb_cell_228	Ductal - terminal ductal like
pdacb_cell_229	Ductal - CRISP3 high
pdacb_cell_230	Ductal - terminal ductal like
pdacb_cell_231	Cancer
pdacb_cell_232	Cancer
pdacb_cell_233	Ductal - MHC Class II
pdacb_cell_234	Ductal - terminal ductal like
pdacb_cell_235	Ductal - terminal ductal like
pdacb_cell_236	Ductal - MHC Class II
pdacb_cell_237	Ductal - terminal ductal like
pdacb_cell_238	Ductal - terminal ductal like
pdacb_cell_239	Ductal - terminal ductal like
pdacb_cell_240	Ductal - MHC Class II
pdacb_cell_241	Ductal - terminal ductal like
pdacb_cell_242	Ductal - MHC Class II
pdacb_cell_243	Ductal - terminal ductal like
pdacb_cell_244	Ductal - terminal ductal like
pdacb_cell_245	Cancer
pdacb_cell_246	Ductal - terminal ductal like
pdacb_cell_247	Ductal - terminal ductal like
pdacb_cell_248	Cancer
pdacb_cell_249	Ductal - terminal ductal like
pdacb_cell_250	Ductal - terminal ductal like
pdacb_cell_251	Ductal - MHC Class II
pdacb_cell_252	Ductal - MHC Class II
pdacb_cell_253	Cancer
pdacb_cell_254	Ductal - terminal ductal like
pdacb_cell_255	Ductal - terminal ductal like
pdacb_cell_256	Macrophages
pdacb_cell_257	Tuft cells
pdacb_cell_258	Ductal - MHC Class II
pdacb_cell_259	Endothelial cells
pdacb_cell_260	Endothelial cells
pdacb_cell_261	mDCs
pdacb_cell_262	Ductal - terminal ductal like
pdacb_cell_263	mDCs
pdacb_cell_264	Ductal - terminal ductal like
pdacb_cell_265	Ductal - terminal ductal like
pdacb_cell_266	Ductal - terminal ductal like
pdacb_cell_267	Ductal - terminal ductal like
pdacb_cell_268	Ductal - terminal ductal like
pdacb_cell_269	Ductal - terminal ductal like
pdacb_cell_270	Ductal - terminal ductal like
pdacb_cell_271	Ductal - terminal ductal like
pdacb_cell_272	Ductal - terminal ductal like
pdacb_cell_273	Ductal - terminal ductal like
pdacb_cell_274	Ductal - MHC Class II
pdacb_cell_275	Cancer
pdacb_cell_276	Ductal - terminal ductal like
pdacb_cell_277	Endothelial cells
pdacb_cell_278	Ductal - terminal ductal like
pdacb_cell_279	Ductal - terminal ductal like
pdacb_cell_280	Ductal - MHC Class II
pdacb_cell_281	Ductal - MHC Class II
pdacb_cell_282	Ductal - terminal ductal like
pdacb_cell_283	Ductal - CRISP3 high
pdacb_cell_284	Ductal - terminal ductal like
pdacb_cell_285	Ductal - MHC Class II
pdacb_cell_286	Ductal - terminal ductal like
pdacb_cell_287	Ductal - terminal ductal like
pdacb_cell_288	Ductal - terminal ductal like
pdacb_cell_289	Ductal - terminal ductal like
pdacb_cell_290	Ductal - terminal ductal like
pdacb_cell_291	Ductal - terminal ductal like
pdacb_cell_292	Ductal - terminal ductal like
pdacb_cell_293	Ductal - terminal ductal like
pdacb_cell_294	Ductal - terminal ductal like
pdacb_cell_295	Ductal - terminal ductal like
pdacb_cell_296	Ductal - terminal ductal like
pdacb_cell_297	Ductal - terminal ductal like
pdacb_cell_298	Ductal - terminal ductal like
pdacb_cell_299	Ductal - CRISP3 high
pdacb_cell_300	Cancer
pdacb_cell_302	Endothelial cells
pdacb_cell_303	Ductal - terminal ductal like
pdacb_cell_304	Cancer
pdacb_cell_305	Ductal - MHC Class II
pdacb_cell_306	Ductal - terminal ductal like
pdacb_cell_307	Ductal - terminal ductal like
pdacb_cell_308	Ductal - terminal ductal like
pdacb_cell_309	Ductal - terminal ductal like
pdacb_cell_310	Endothelial cells
pdacb_cell_311	Ductal - terminal ductal like
pdacb_cell_312	Cancer
pdacb_cell_313	Ductal - terminal ductal like
pdacb_cell_314	Ductal - MHC Class II
pdacb_cell_315	Ductal - terminal ductal like
pdacb_cell_316	Ductal - CRISP3 high
pdacb_cell_317	Ductal - terminal ductal like
pdacb_cell_318	Ductal - terminal ductal like
pdacb_cell_319	Ductal - terminal ductal like
pdacb_cell_320	Ductal - terminal ductal like
pdacb_cell_321	Cancer
pdacb_cell_322	Ductal - terminal ductal like
pdacb_cell_323	Cancer
pdacb_cell_324	Ductal - terminal ductal like
pdacb_cell_325	Ductal - terminal ductal like
pdacb_cell_326	Ductal - terminal ductal like
pdacb_cell_327	mDCs
pdacb_cell_328	Ductal - terminal ductal like
pdacb_cell_329	Ductal - terminal ductal like
pdacb_cell_330	Ductal - CRISP3 high
pdacb_cell_331	Cancer
pdacb_cell_332	Ductal - terminal ductal like
pdacb_cell_333	Ductal - CRISP3 high
pdacb_cell_334	Ductal - terminal ductal like
pdacb_cell_335	Ductal - MHC Class II
pdacb_cell_336	Ductal - terminal ductal like
pdacb_cell_337	Ductal - terminal ductal like
pdacb_cell_338	Ductal - terminal ductal like
pdacb_cell_339	Ductal - terminal ductal like
pdacb_cell_340	Ductal - MHC Class II
pdacb_cell_341	Ductal - terminal ductal like
pdacb_cell_342	Cancer
pdacb_cell_343	Ductal - terminal ductal like
pdacb_cell_344	Cancer
pdacb_cell_345	Ductal - terminal ductal like
pdacb_cell_346	Ductal - MHC Class II
pdacb_cell_347	Ductal - CRISP3 high
pdacb_cell_348	Ductal - terminal ductal like
pdacb_cell_349	Cancer
pdacb_cell_350	Ductal - CRISP3 high
pdacb_cell_351	Ductal - terminal ductal like
pdacb_cell_352	Ductal - terminal ductal like
pdacb_cell_353	Ductal - terminal ductal like
pdacb_cell_354	Ductal - CRISP3 high
pdacb_cell_355	Endothelial cells
pdacb_cell_356	Ductal - terminal ductal like
pdacb_cell_357	Ductal - terminal ductal like
pdacb_cell_358	Ductal - terminal ductal like
pdacb_cell_359	Ductal - CRISP3 high
pdacb_cell_360	Ductal - terminal ductal like
pdacb_cell_361	Ductal - MHC Class II
pdacb_cell_362	Ductal - terminal ductal like
pdacb_cell_363	Mast cells
pdacb_cell_364	Cancer
pdacb_cell_365	Cancer
pdacb_cell_366	Cancer
pdacb_cell_367	Cancer
pdacb_cell_368	Ductal - terminal ductal like
pdacb_cell_370	Ductal - terminal ductal like
pdacb_cell_371	Tuft cells
pdacb_cell_372	Ductal - terminal ductal like
pdacb_cell_373	Endothelial cells
pdacb_cell_374	Ductal - terminal ductal like
pdacb_cell_375	Endothelial cells
pdacb_cell_376	Endothelial cells
pdacb_cell_377	Ductal - MHC Class II
pdacb_cell_378	Ductal - terminal ductal like
pdacb_cell_379	Ductal - terminal ductal like
pdacb_cell_380	Endothelial cells
pdacb_cell_381	Cancer
pdacb_cell_382	Cancer
pdacb_cell_383	Tuft cells
pdacb_cell_384	Ductal - terminal ductal like
pdacb_cell_385	Ductal - terminal ductal like
pdacb_cell_386	Ductal - terminal ductal like
pdacb_cell_387	Ductal - terminal ductal like
pdacb_cell_388	Ductal - terminal ductal like
pdacb_cell_389	Cancer
pdacb_cell_390	Ductal - terminal ductal like
pdacb_cell_391	Cancer
pdacb_cell_392	Endothelial cells
pdacb_cell_393	Endothelial cells
pdacb_cell_394	Cancer
pdacb_cell_395	Ductal - terminal ductal like
pdacb_cell_396	Cancer
pdacb_cell_397	Cancer
pdacb_cell_398	Ductal - terminal ductal like
pdacb_cell_399	Ductal - terminal ductal like
pdacb_cell_400	Ductal - terminal ductal like
pdacb_cell_401	Ductal - terminal ductal like
pdacb_cell_402	Cancer
pdacb_cell_403	Ductal - CRISP3 high
pdacb_cell_404	Tuft cells
pdacb_cell_405	Ductal - terminal ductal like
pdacb_cell_406	Ductal - terminal ductal like
pdacb_cell_407	Endothelial cells
pdacb_cell_408	Cancer
pdacb_cell_409	mDCs
pdacb_cell_410	Endothelial cells
pdacb_cell_411	Ductal - terminal ductal like
pdacb_cell_412	Ductal - terminal ductal like
pdacb_cell_413	Ductal - terminal ductal like
pdacb_cell_414	Ductal - CRISP3 high
pdacb_cell_415	Ductal - terminal ductal like
pdacb_cell_416	Ductal - terminal ductal like
pdacb_cell_417	Ductal - MHC Class II
pdacb_cell_418	Ductal - MHC Class II
pdacb_cell_419	Ductal - terminal ductal like
pdacb_cell_420	Ductal - CRISP3 high
pdacb_cell_421	Cancer
pdacb_cell_422	Ductal - terminal ductal like
pdacb_cell_423	Ductal - MHC Class II
pdacb_cell_424	Ductal - CRISP3 high
pdacb_cell_425	Ductal - terminal ductal like
pdacb_cell_426	Ductal - terminal ductal like
pdacb_cell_427	Ductal - terminal ductal like
pdacb_cell_428	Ductal - terminal ductal like
pdacb_cell_429	Ductal - MHC Class II
pdacb_cell_430	Ductal - terminal ductal like
pdacb_cell_431	Ductal - terminal ductal like
pdacb_cell_432	Ductal - terminal ductal like
pdacb_cell_433	Ductal - CRISP3 high
pdacb_cell_434	Endocrine cells
pdacb_cell_435	Tuft cells
pdacb_cell_436	Ductal - terminal ductal like
pdacb_cell_437	Ductal - terminal ductal like
pdacb_cell_438	Ductal - terminal ductal like
pdacb_cell_439	Ductal - terminal ductal like
pdacb_cell_440	Ductal - MHC Class II
pdacb_cell_441	mDCs
pdacb_cell_442	Endothelial cells
pdacb_cell_443	Endothelial cells
pdacb_cell_444	Ductal - CRISP3 high
pdacb_cell_445	Ductal - terminal ductal like
pdacb_cell_446	Ductal - terminal ductal like
pdacb_cell_447	Cancer
pdacb_cell_448	Endothelial cells
pdacb_cell_449	Ductal - terminal ductal like
pdacb_cell_450	Ductal - terminal ductal like
pdacb_cell_451	Ductal - terminal ductal like
pdacb_cell_452	Ductal - terminal ductal like
pdacb_cell_453	Ductal - terminal ductal like
pdacb_cell_454	Cancer
pdacb_cell_455	Cancer
pdacb_cell_456	Ductal - terminal ductal like
pdacb_cell_457	Ductal - terminal ductal like
pdacb_cell_458	Endothelial cells
pdacb_cell_459	Ductal - terminal ductal like
pdacb_cell_460	Cancer
pdacb_cell_461	Cancer
pdacb_cell_462	Cancer
pdacb_cell_463	Endothelial cells
pdacb_cell_464	Ductal - terminal ductal like
pdacb_cell_465	Ductal - terminal ductal like
pdacb_cell_466	Ductal - terminal ductal like
pdacb_cell_467	Cancer
pdacb_cell_468	Ductal - terminal ductal like
pdacb_cell_469	Cancer
pdacb_cell_470	Ductal - terminal ductal like
pdacb_cell_471	Cancer
pdacb_cell_472	Ductal - terminal ductal like
pdacb_cell_473	Ductal - MHC Class II
pdacb_cell_474	Ductal - terminal ductal like
pdacb_cell_475	Ductal - MHC Class II
pdacb_cell_476	Cancer
pdacb_cell_477	Ductal - terminal ductal like
pdacb_cell_478	Ductal - terminal ductal like
pdacb_cell_479	Cancer
pdacb_cell_480	Ductal - terminal ductal like
pdacb_cell_481	Ductal - CRISP3 high
pdacb_cell_482	Ductal - CRISP3 high
pdacb_cell_483	Ductal - terminal ductal like
pdacb_cell_484	Ductal - terminal ductal like
pdacb_cell_485	Ductal - terminal ductal like
pdacb_cell_486	Cancer
pdacb_cell_487	Ductal - terminal ductal like
pdacb_cell_488	Endothelial cells
pdacb_cell_489	Ductal - CRISP3 high
pdacb_cell_490	Ductal - terminal ductal like
pdacb_cell_491	Tuft cells
pdacb_cell_492	Ductal - CRISP3 high
pdacb_cell_493	Endothelial cells
pdacb_cell_494	Ductal - terminal ductal like
pdacb_cell_495	Ductal - terminal ductal like
pdacb_cell_496	Cancer
pdacb_cell_497	Endothelial cells
pdacb_cell_498	Ductal - MHC Class II
pdacb_cell_499	Ductal - terminal ductal like
pdacb_cell_500	Cancer
pdacb_cell_501	Endocrine cells
pdacb_cell_502	Cancer
pdacb_cell_503	Ductal - terminal ductal like
pdacb_cell_504	Ductal - terminal ductal like
pdacb_cell_505	Ductal - MHC Class II
pdacb_cell_506	Cancer
pdacb_cell_507	Ductal - terminal ductal like
pdacb_cell_508	Endocrine cells
pdacb_cell_509	Ductal - terminal ductal like
pdacb_cell_510	Ductal - terminal ductal like
pdacb_cell_511	Ductal - terminal ductal like
pdacb_cell_512	Ductal - terminal ductal like
pdacb_cell_513	Ductal - terminal ductal like
pdacb_cell_514	Ductal - MHC Class II
pdacb_cell_515	Ductal - CRISP3 high
pdacb_cell_516	Ductal - terminal ductal like
pdacb_cell_517	Ductal - CRISP3 high
pdacb_cell_518	Ductal - terminal ductal like
pdacb_cell_519	Cancer
pdacb_cell_520	Ductal - terminal ductal like
pdacb_cell_521	Ductal - terminal ductal like
pdacb_cell_522	Ductal - terminal ductal like
pdacb_cell_523	Ductal - MHC Class II
pdacb_cell_524	Ductal - terminal ductal like
pdacb_cell_525	Cancer
pdacb_cell_526	Ductal - terminal ductal like
pdacb_cell_527	Ductal - terminal ductal like
pdacb_cell_528	Ductal - terminal ductal like
pdacb_cell_529	Ductal - MHC Class II
pdacb_cell_530	Cancer
pdacb_cell_531	Ductal - terminal ductal like
pdacb_cell_532	Ductal - terminal ductal like
pdacb_cell_533	Ductal - terminal ductal like
pdacb_cell_534	Ductal - terminal ductal like
pdacb_cell_535	Ductal - terminal ductal like
pdacb_cell_536	Ductal - terminal ductal like
pdacb_cell_537	Ductal - terminal ductal like
pdacb_cell_538	Ductal - terminal ductal like
pdacb_cell_539	Cancer
pdacb_cell_540	Cancer
pdacb_cell_541	Cancer
pdacb_cell_542	Ductal - terminal ductal like
pdacb_cell_543	Ductal - CRISP3 high
pdacb_cell_544	Cancer
pdacb_cell_545	Ductal - MHC Class II
pdacb_cell_546	Ductal - terminal ductal like
pdacb_cell_547	Cancer
pdacb_cell_548	Cancer
pdacb_cell_549	Ductal - terminal ductal like
pdacb_cell_550	Tuft cells
pdacb_cell_551	Cancer
pdacb_cell_552	Ductal - MHC Class II
pdacb_cell_553	Cancer
pdacb_cell_554	Ductal - MHC Class II
pdacb_cell_555	Ductal - terminal ductal like
pdacb_cell_556	Ductal - terminal ductal like
pdacb_cell_557	Endothelial cells
pdacb_cell_558	Ductal - terminal ductal like
pdacb_cell_559	Ductal - MHC Class II
pdacb_cell_560	Ductal - terminal ductal like
pdacb_cell_561	Cancer
pdacb_cell_562	Cancer
pdacb_cell_563	Cancer
pdacb_cell_564	Ductal - terminal ductal like
pdacb_cell_565	Ductal - terminal ductal like
pdacb_cell_566	Ductal - terminal ductal like
pdacb_cell_567	Cancer
pdacb_cell_568	Ductal - MHC Class II
pdacb_cell_569	Endothelial cells
pdacb_cell_570	Ductal - terminal ductal like
pdacb_cell_571	Cancer
pdacb_cell_572	Ductal - MHC Class II
pdacb_cell_573	Ductal - terminal ductal like
pdacb_cell_574	Ductal - terminal ductal like
pdacb_cell_575	Ductal - terminal ductal like
pdacb_cell_576	Ductal - MHC Class II
pdacb_cell_577	Ductal - terminal ductal like
pdacb_cell_578	Ductal - terminal ductal like
pdacb_cell_579	Ductal - CRISP3 high
pdacb_cell_580	Ductal - terminal ductal like
pdacb_cell_581	Ductal - terminal ductal like
pdacb_cell_582	Ductal - terminal ductal like
pdacb_cell_583	Cancer
pdacb_cell_584	Ductal - terminal ductal like
pdacb_cell_585	Ductal - MHC Class II
pdacb_cell_586	Ductal - terminal ductal like
pdacb_cell_587	Ductal - terminal ductal like
pdacb_cell_588	Ductal - terminal ductal like
pdacb_cell_589	Ductal - MHC Class II
pdacb_cell_590	Cancer
pdacb_cell_591	Cancer
pdacb_cell_592	Endothelial cells
pdacb_cell_593	Cancer
pdacb_cell_594	Endocrine cells
pdacb_cell_595	Ductal - terminal ductal like
pdacb_cell_596	Ductal - terminal ductal like
pdacb_cell_597	Cancer
pdacb_cell_598	Endothelial cells
pdacb_cell_599	Ductal - terminal ductal like
pdacb_cell_600	Ductal - MHC Class II
pdacb_cell_601	Ductal - terminal ductal like
pdacb_cell_602	Cancer
pdacb_cell_603	Ductal - terminal ductal like
pdacb_cell_604	mDCs
pdacb_cell_605	Ductal - terminal ductal like
pdacb_cell_606	Ductal - terminal ductal like
pdacb_cell_607	Ductal - terminal ductal like
pdacb_cell_608	Cancer
pdacb_cell_609	Endothelial cells
pdacb_cell_610	Ductal - MHC Class II
pdacb_cell_611	Ductal - terminal ductal like
pdacb_cell_612	Ductal - terminal ductal like
pdacb_cell_613	Cancer
pdacb_cell_614	Ductal - terminal ductal like
pdacb_cell_615	Ductal - MHC Class II
pdacb_cell_616	Ductal - terminal ductal like
pdacb_cell_617	Ductal - terminal ductal like
pdacb_cell_618	Cancer
pdacb_cell_619	Ductal - CRISP3 high
pdacb_cell_620	Ductal - terminal ductal like
pdacb_cell_621	mDCs
pdacb_cell_622	Ductal - MHC Class II
pdacb_cell_623	Ductal - terminal ductal like
pdacb_cell_624	Ductal - MHC Class II
pdacb_cell_625	Ductal - MHC Class II
pdacb_cell_626	Ductal - MHC Class II
pdacb_cell_627	Ductal - terminal ductal like
pdacb_cell_628	Ductal - terminal ductal like
pdacb_cell_629	Ductal - terminal ductal like
pdacb_cell_630	Ductal - terminal ductal like
pdacb_cell_631	Macrophages
pdacb_cell_632	Cancer
pdacb_cell_633	Ductal - terminal ductal like
pdacb_cell_634	Ductal - MHC Class II
pdacb_cell_635	Ductal - terminal ductal like
pdacb_cell_636	Ductal - MHC Class II
pdacb_cell_637	Endothelial cells
pdacb_cell_638	Monocytes
pdacb_cell_639	Cancer
pdacb_cell_640	Cancer
pdacb_cell_641	Ductal - MHC Class II
pdacb_cell_642	Ductal - terminal ductal like
pdacb_cell_643	Ductal - terminal ductal like
pdacb_cell_644	Ductal - MHC Class II
pdacb_cell_645	Ductal - MHC Class II
pdacb_cell_646	Ductal - terminal ductal like
pdacb_cell_647	Cancer
pdacb_cell_648	Ductal - terminal ductal like
pdacb_cell_649	Cancer
pdacb_cell_650	Ductal - terminal ductal like
pdacb_cell_651	Ductal - CRISP3 high
pdacb_cell_652	Endothelial cells
pdacb_cell_653	Cancer
pdacb_cell_654	Cancer
pdacb_cell_655	Cancer
pdacb_cell_656	Ductal - CRISP3 high
pdacb_cell_657	Cancer
pdacb_cell_658	Endothelial cells
pdacb_cell_659	Ductal - MHC Class II
pdacb_cell_660	Ductal - terminal ductal like
pdacb_cell_661	Endothelial cells
pdacb_cell_662	Ductal - terminal ductal like
pdacb_cell_663	Cancer
pdacb_cell_664	Ductal - MHC Class II
pdacb_cell_665	Ductal - CRISP3 high
pdacb_cell_666	Ductal - CRISP3 high
pdacb_cell_667	Ductal - CRISP3 high
pdacb_cell_668	Ductal - CRISP3 high
pdacb_cell_669	Cancer
pdacb_cell_670	Ductal - terminal ductal like
pdacb_cell_671	Ductal - MHC Class II
pdacb_cell_672	Ductal - terminal ductal like
pdacb_cell_673	Ductal - MHC Class II
pdacb_cell_674	Ductal - terminal ductal like
pdacb_cell_675	Ductal - MHC Class II
pdacb_cell_676	Ductal - CRISP3 high
pdacb_cell_677	Ductal - terminal ductal like
pdacb_cell_678	Cancer
pdacb_cell_679	Cancer
pdacb_cell_680	Ductal - MHC Class II
pdacb_cell_681	Endothelial cells
pdacb_cell_682	Ductal - MHC Class II
pdacb_cell_683	Endothelial cells
pdacb_cell_684	Ductal - MHC Class II
pdacb_cell_685	Ductal - terminal ductal like
pdacb_cell_686	Tuft cells
pdacb_cell_687	Ductal - terminal ductal like
pdacb_cell_688	Ductal - terminal ductal like
pdacb_cell_689	Tuft cells
pdacb_cell_690	Ductal - terminal ductal like
pdacb_cell_691	Ductal - terminal ductal like
pdacb_cell_692	Cancer
pdacb_cell_693	Ductal - terminal ductal like
pdacb_cell_694	Ductal - MHC Class II
pdacb_cell_695	Ductal - CRISP3 high
pdacb_cell_696	Ductal - MHC Class II
pdacb_cell_697	Ductal - MHC Class II
pdacb_cell_698	Ductal - terminal ductal like
pdacb_cell_699	Cancer
pdacb_cell_700	Cancer
pdacb_cell_701	Ductal - CRISP3 high
pdacb_cell_702	Ductal - terminal ductal like
pdacb_cell_703	Cancer
pdacb_cell_704	Ductal - terminal ductal like
pdacb_cell_705	Cancer
pdacb_cell_706	Cancer
pdacb_cell_707	Ductal - terminal ductal like
pdacb_cell_708	Ductal - terminal ductal like
pdacb_cell_709	Ductal - terminal ductal like
pdacb_cell_710	Ductal - MHC Class II
pdacb_cell_711	Ductal - terminal ductal like
pdacb_cell_712	Ductal - CRISP3 high
pdacb_cell_713	Ductal - MHC Class II
pdacb_cell_714	Endothelial cells
pdacb_cell_715	Ductal - terminal ductal like
pdacb_cell_716	Ductal - CRISP3 high
pdacb_cell_717	Endothelial cells
pdacb_cell_718	Ductal - terminal ductal like
pdacb_cell_719	Ductal - MHC Class II
pdacb_cell_720	Ductal - terminal ductal like
pdacb_cell_721	Ductal - MHC Class II
pdacb_cell_722	Ductal - terminal ductal like
pdacb_cell_723	Cancer
pdacb_cell_724	Ductal - CRISP3 high
pdacb_cell_725	Ductal - terminal ductal like
pdacb_cell_726	Ductal - MHC Class II
pdacb_cell_727	Ductal - MHC Class II
pdacb_cell_728	Endothelial cells
pdacb_cell_729	Cancer
pdacb_cell_730	Ductal - terminal ductal like
pdacb_cell_731	Ductal - terminal ductal like
pdacb_cell_732	Endothelial cells
pdacb_cell_733	Ductal - terminal ductal like
pdacb_cell_734	Endothelial cells
pdacb_cell_735	Endothelial cells
pdacb_cell_736	Cancer
pdacb_cell_737	Ductal - MHC Class II
pdacb_cell_738	Ductal - terminal ductal like
pdacb_cell_739	Tuft cells
pdacb_cell_740	Ductal - terminal ductal like
pdacb_cell_741	Ductal - terminal ductal like
pdacb_cell_742	Ductal - MHC Class II
pdacb_cell_743	Endothelial cells
pdacb_cell_744	Ductal - terminal ductal like
pdacb_cell_745	Ductal - terminal ductal like
pdacb_cell_746	Ductal - CRISP3 high
pdacb_cell_747	Ductal - MHC Class II
pdacb_cell_748	Ductal - terminal ductal like
pdacb_cell_749	Cancer
pdacb_cell_750	Endothelial cells
pdacb_cell_751	Endothelial cells
pdacb_cell_752	Ductal - terminal ductal like
pdacb_cell_753	Ductal - terminal ductal like
pdacb_cell_754	Endothelial cells
pdacb_cell_755	Ductal - terminal ductal like
pdacb_cell_756	Ductal - CRISP3 high
pdacb_cell_757	Endothelial cells
pdacb_cell_758	Cancer
pdacb_cell_759	Ductal - MHC Class II
pdacb_cell_760	Ductal - terminal ductal like
pdacb_cell_761	Ductal - terminal ductal like
pdacb_cell_762	Ductal - MHC Class II
pdacb_cell_763	Tuft cells
pdacb_cell_764	Ductal - CRISP3 high
pdacb_cell_765	Tuft cells
pdacb_cell_766	mDCs
pdacb_cell_767	Ductal - terminal ductal like
pdacb_cell_768	Ductal - MHC Class II
pdacb_cell_769	Ductal - MHC Class II
pdacb_cell_770	Ductal - CRISP3 high
pdacb_cell_771	Ductal - terminal ductal like
pdacb_cell_772	Ductal - terminal ductal like
pdacb_cell_773	Ductal - terminal ductal like
pdacb_cell_774	Ductal - terminal ductal like
pdacb_cell_775	Ductal - CRISP3 high
pdacb_cell_776	Ductal - terminal ductal like
pdacb_cell_777	Ductal - terminal ductal like
pdacb_cell_778	Cancer
pdacb_cell_779	Ductal - terminal ductal like
pdacb_cell_780	Endothelial cells
pdacb_cell_781	Endothelial cells
pdacb_cell_782	Endocrine cells
pdacb_cell_783	Cancer
pdacb_cell_784	Cancer
pdacb_cell_785	Ductal - terminal ductal like
pdacb_cell_786	Ductal - terminal ductal like
pdacb_cell_787	Cancer
pdacb_cell_788	Ductal - MHC Class II
pdacb_cell_789	Ductal - terminal ductal like
pdacb_cell_790	Ductal - terminal ductal like
pdacb_cell_791	Ductal - CRISP3 high
pdacb_cell_792	Ductal - CRISP3 high
pdacb_cell_793	Cancer
pdacb_cell_794	Cancer
pdacb_cell_795	Ductal - terminal ductal like
pdacb_cell_796	Cancer
pdacb_cell_797	Ductal - terminal ductal like
pdacb_cell_798	Ductal - MHC Class II
pdacb_cell_799	Tuft cells
pdacb_cell_800	Ductal - MHC Class II
pdacb_cell_801	Cancer
pdacb_cell_802	Cancer
pdacb_cell_803	Endothelial cells
pdacb_cell_804	Ductal - CRISP3 high
pdacb_cell_805	Endothelial cells
pdacb_cell_806	Ductal - MHC Class II
pdacb_cell_807	Ductal - terminal ductal like
pdacb_cell_808	Endothelial cells
pdacb_cell_809	Ductal - MHC Class II
pdacb_cell_810	Ductal - MHC Class II
pdacb_cell_811	Ductal - terminal ductal like
pdacb_cell_812	Cancer
pdacb_cell_813	mDCs
pdacb_cell_814	Ductal - terminal ductal like
pdacb_cell_815	Cancer
pdacb_cell_816	Ductal - terminal ductal like
pdacb_cell_817	Ductal - terminal ductal like
pdacb_cell_818	Ductal - terminal ductal like
pdacb_cell_819	Endothelial cells
pdacb_cell_820	Cancer
pdacb_cell_821	Cancer
pdacb_cell_822	Cancer
pdacb_cell_823	Ductal - MHC Class II
pdacb_cell_824	Cancer
pdacb_cell_825	Ductal - MHC Class II
pdacb_cell_826	Ductal - MHC Class II
pdacb_cell_827	Endothelial cells
pdacb_cell_828	Cancer
pdacb_cell_829	Cancer
pdacb_cell_830	Endothelial cells
pdacb_cell_831	Endothelial cells
pdacb_cell_832	Cancer
pdacb_cell_833	Ductal - CRISP3 high
pdacb_cell_834	Ductal - MHC Class II
pdacb_cell_835	Ductal - terminal ductal like
pdacb_cell_836	Ductal - MHC Class II
pdacb_cell_837	mDCs
pdacb_cell_838	Ductal - terminal ductal like
pdacb_cell_839	Cancer
pdacb_cell_840	Ductal - CRISP3 high
pdacb_cell_841	Cancer
pdacb_cell_842	Macrophages
pdacb_cell_843	Cancer
pdacb_cell_844	Ductal - terminal ductal like
pdacb_cell_845	Cancer
pdacb_cell_846	Cancer
pdacb_cell_847	Ductal - terminal ductal like
pdacb_cell_848	Endothelial cells
pdacb_cell_849	Ductal - CRISP3 high
pdacb_cell_850	Ductal - terminal ductal like
pdacb_cell_851	Endothelial cells
pdacb_cell_852	Endothelial cells
pdacb_cell_853	Cancer
pdacb_cell_854	Endothelial cells
pdacb_cell_855	Ductal - terminal ductal like
pdacb_cell_856	Ductal - terminal ductal like
pdacb_cell_857	Ductal - terminal ductal like
pdacb_cell_858	Ductal - MHC Class II
pdacb_cell_859	Ductal - CRISP3 high
pdacb_cell_860	Cancer
pdacb_cell_861	Endothelial cells
pdacb_cell_862	Ductal - MHC Class II
pdacb_cell_863	Ductal - terminal ductal like
pdacb_cell_864	Ductal - CRISP3 high
pdacb_cell_865	Endothelial cells
pdacb_cell_866	Ductal - terminal ductal like
pdacb_cell_867	Cancer
pdacb_cell_868	Ductal - CRISP3 high
pdacb_cell_869	Endothelial cells
pdacb_cell_870	Ductal - terminal ductal like
pdacb_cell_871	Endothelial cells
pdacb_cell_872	Ductal - CRISP3 high
pdacb_cell_873	Ductal - MHC Class II
pdacb_cell_874	Endothelial cells
pdacb_cell_875	Ductal - MHC Class II
pdacb_cell_876	Endothelial cells
pdacb_cell_877	Ductal - CRISP3 high
pdacb_cell_878	Ductal - MHC Class II
pdacb_cell_879	Ductal - MHC Class II
pdacb_cell_880	Ductal - terminal ductal like
pdacb_cell_881	Cancer
pdacb_cell_882	Endothelial cells
pdacb_cell_883	Ductal - terminal ductal like
pdacb_cell_884	mDCs
pdacb_cell_885	Ductal - terminal ductal like
pdacb_cell_886	Tuft cells
pdacb_cell_887	Cancer
pdacb_cell_888	Endothelial cells
pdacb_cell_889	Macrophages
pdacb_cell_890	Ductal - MHC Class II
pdacb_cell_891	Ductal - CRISP3 high
pdacb_cell_892	Ductal - terminal ductal like
pdacb_cell_893	Ductal - CRISP3 high
pdacb_cell_894	Ductal - MHC Class II
pdacb_cell_895	Cancer
pdacb_cell_896	Ductal - terminal ductal like
pdacb_cell_897	Ductal - MHC Class II
pdacb_cell_898	Ductal - terminal ductal like
pdacb_cell_899	Ductal - terminal ductal like
pdacb_cell_900	Ductal - CRISP3 high
pdacb_cell_901	Ductal - terminal ductal like
pdacb_cell_902	Ductal - terminal ductal like
pdacb_cell_903	Ductal - MHC Class II
pdacb_cell_904	Ductal - terminal ductal like
pdacb_cell_905	Monocytes
pdacb_cell_906	Endothelial cells
pdacb_cell_907	Ductal - terminal ductal like
pdacb_cell_908	Cancer
pdacb_cell_909	Mast cells
pdacb_cell_910	Ductal - MHC Class II
pdacb_cell_911	Ductal - CRISP3 high
pdacb_cell_912	Ductal - terminal ductal like
pdacb_cell_913	mDCs
pdacb_cell_914	Ductal - terminal ductal like
pdacb_cell_915	Ductal - terminal ductal like
pdacb_cell_916	Ductal - terminal ductal like
pdacb_cell_917	Ductal - MHC Class II
pdacb_cell_918	Ductal - CRISP3 high
pdacb_cell_919	Endothelial cells
pdacb_cell_920	Ductal - MHC Class II
pdacb_cell_921	Cancer
pdacb_cell_922	Cancer
pdacb_cell_923	Ductal - MHC Class II
pdacb_cell_924	Endothelial cells
pdacb_cell_925	Ductal - terminal ductal like
pdacb_cell_926	Ductal - CRISP3 high
pdacb_cell_927	Ductal - MHC Class II
pdacb_cell_928	mDCs
pdacb_cell_929	Cancer
pdacb_cell_930	Ductal - CRISP3 high
pdacb_cell_931	Ductal - terminal ductal like
pdacb_cell_932	Endothelial cells
pdacb_cell_933	Ductal - terminal ductal like
pdacb_cell_934	Endothelial cells
pdacb_cell_935	Ductal - terminal ductal like
pdacb_cell_936	Ductal - CRISP3 high
pdacb_cell_937	Ductal - CRISP3 high
pdacb_cell_938	Tuft cells
pdacb_cell_939	Ductal - CRISP3 high
pdacb_cell_940	Ductal - terminal ductal like
pdacb_cell_941	Ductal - CRISP3 high
pdacb_cell_942	Ductal - terminal ductal like
pdacb_cell_943	Cancer
pdacb_cell_944	Cancer
pdacb_cell_945	Ductal - CRISP3 high
pdacb_cell_946	Ductal - terminal ductal like
pdacb_cell_947	Mast cells
pdacb_cell_948	Ductal - terminal ductal like
pdacb_cell_949	Ductal - MHC Class II
pdacb_cell_950	Ductal - CRISP3 high
pdacb_cell_951	Ductal - MHC Class II
pdacb_cell_952	Cancer
pdacb_cell_953	Endothelial cells
pdacb_cell_954	Ductal - terminal ductal like
pdacb_cell_955	Endothelial cells
pdacb_cell_956	Ductal - terminal ductal like
pdacb_cell_957	Monocytes
pdacb_cell_958	Mast cells
pdacb_cell_959	Cancer
pdacb_cell_960	Ductal - CRISP3 high
pdacb_cell_961	Ductal - MHC Class II
pdacb_cell_962	Cancer
pdacb_cell_963	Endothelial cells
pdacb_cell_964	Ductal - terminal ductal like
pdacb_cell_965	Cancer
pdacb_cell_966	Monocytes
pdacb_cell_967	Ductal - MHC Class II
pdacb_cell_968	Ductal - MHC Class II
pdacb_cell_969	Endothelial cells
pdacb_cell_970	Cancer
pdacb_cell_971	Ductal - terminal ductal like
pdacb_cell_972	Ductal - CRISP3 high
pdacb_cell_973	Ductal - terminal ductal like
pdacb_cell_974	Ductal - MHC Class II
pdacb_cell_975	mDCs
pdacb_cell_976	Ductal - terminal ductal like
pdacb_cell_977	Ductal - terminal ductal like
pdacb_cell_978	Ductal - terminal ductal like
pdacb_cell_979	Ductal - CRISP3 high
pdacb_cell_980	Monocytes
pdacb_cell_981	Endothelial cells
pdacb_cell_982	Ductal - terminal ductal like
pdacb_cell_983	Ductal - terminal ductal like
pdacb_cell_984	Endothelial cells
pdacb_cell_985	Ductal - terminal ductal like
pdacb_cell_986	Monocytes
pdacb_cell_987	Ductal - terminal ductal like
pdacb_cell_988	Monocytes
pdacb_cell_989	Ductal - CRISP3 high
pdacb_cell_990	mDCs
pdacb_cell_991	Ductal - terminal ductal like
pdacb_cell_992	Ductal - terminal ductal like
pdacb_cell_993	Monocytes
pdacb_cell_994	Ductal - terminal ductal like
pdacb_cell_995	Tuft cells
pdacb_cell_996	Ductal - CRISP3 high
pdacb_cell_997	Monocytes
pdacb_cell_998	Ductal - CRISP3 high
pdacb_cell_999	Monocytes
pdacb_cell_1000	Monocytes
pdacb_cell_1002	Monocytes
pdacb_cell_1003	Monocytes
pdacb_cell_1004	Ductal - terminal ductal like
pdacb_cell_1005	Ductal - MHC Class II
pdacb_cell_1007	Monocytes
pdacb_cell_1008	Ductal - terminal ductal like
pdacb_cell_1009	Ductal - CRISP3 high
pdacb_cell_1011	Ductal - terminal ductal like
pdacb_cell_1012	Cancer
pdacb_cell_1013	Cancer
pdacb_cell_1014	Ductal - terminal ductal like
pdacb_cell_1015	Ductal - terminal ductal like
pdacb_cell_1016	Endothelial cells
pdacb_cell_1017	Ductal - CRISP3 high
pdacb_cell_1018	Ductal - terminal ductal like
pdacb_cell_1019	Endocrine cells
pdacb_cell_1020	Ductal - terminal ductal like
pdacb_cell_1021	Ductal - terminal ductal like
pdacb_cell_1022	Cancer
pdacb_cell_1023	Ductal - terminal ductal like
pdacb_cell_1024	Cancer
pdacb_cell_1025	Ductal - terminal ductal like
pdacb_cell_1026	Cancer
pdacb_cell_1027	Ductal - MHC Class II
pdacb_cell_1028	Ductal - MHC Class II
pdacb_cell_1029	Cancer
pdacb_cell_1030	Cancer
pdacb_cell_1031	Cancer
pdacb_cell_1032	Ductal - terminal ductal like
pdacb_cell_1033	Ductal - terminal ductal like
pdacb_cell_1034	Cancer
pdacb_cell_1035	Ductal - MHC Class II
pdacb_cell_1036	Ductal - terminal ductal like
pdacb_cell_1037	Endothelial cells
pdacb_cell_1038	Cancer
pdacb_cell_1039	Ductal - MHC Class II
pdacb_cell_1040	Ductal - terminal ductal like
pdacb_cell_1041	Ductal - CRISP3 high
pdacb_cell_1042	Ductal - terminal ductal like
pdacb_cell_1043	Ductal - terminal ductal like
pdacb_cell_1044	Ductal - terminal ductal like
pdacb_cell_1045	Ductal - terminal ductal like
pdacb_cell_1046	Ductal - terminal ductal like
pdacb_cell_1047	Ductal - MHC Class II
pdacb_cell_1048	Ductal - CRISP3 high
pdacb_cell_1049	Ductal - CRISP3 high
pdacb_cell_1050	Ductal - terminal ductal like
pdacb_cell_1051	Cancer
pdacb_cell_1052	Ductal - terminal ductal like
pdacb_cell_1053	Ductal - MHC Class II
pdacb_cell_1054	Ductal - terminal ductal like
pdacb_cell_1055	Ductal - terminal ductal like
pdacb_cell_1056	Ductal - CRISP3 high
pdacb_cell_1057	Ductal - terminal ductal like
pdacb_cell_1058	Cancer
pdacb_cell_1059	Ductal - terminal ductal like
pdacb_cell_1060	Ductal - terminal ductal like
pdacb_cell_1061	Ductal - terminal ductal like
pdacb_cell_1062	Cancer
pdacb_cell_1063	Cancer
pdacb_cell_1064	Ductal - terminal ductal like
pdacb_cell_1065	Cancer
pdacb_cell_1066	Ductal - CRISP3 high
pdacb_cell_1067	Ductal - CRISP3 high
pdacb_cell_1068	Cancer
pdacb_cell_1069	Ductal - terminal ductal like
pdacb_cell_1070	Cancer
pdacb_cell_1071	Ductal - terminal ductal like
pdacb_cell_1072	Ductal - terminal ductal like
pdacb_cell_1073	Ductal - terminal ductal like
pdacb_cell_1074	Cancer
pdacb_cell_1075	Ductal - terminal ductal like
pdacb_cell_1076	Ductal - terminal ductal like
pdacb_cell_1077	Cancer
pdacb_cell_1078	Cancer
pdacb_cell_1079	Tuft cells
pdacb_cell_1080	Cancer
pdacb_cell_1081	Ductal - terminal ductal like
pdacb_cell_1082	Cancer
pdacb_cell_1083	Ductal - terminal ductal like
pdacb_cell_1084	Ductal - terminal ductal like
pdacb_cell_1085	Ductal - terminal ductal like
pdacb_cell_1086	Cancer
pdacb_cell_1087	Tuft cells
pdacb_cell_1088	Cancer
pdacb_cell_1089	Ductal - MHC Class II
pdacb_cell_1090	Ductal - terminal ductal like
pdacb_cell_1091	Ductal - terminal ductal like
pdacb_cell_1092	Ductal - terminal ductal like
pdacb_cell_1093	Ductal - MHC Class II
pdacb_cell_1094	Ductal - terminal ductal like
pdacb_cell_1095	Ductal - terminal ductal like
pdacb_cell_1096	Cancer
pdacb_cell_1097	Cancer
pdacb_cell_1098	Endothelial cells
pdacb_cell_1099	Cancer
pdacb_cell_1100	Cancer
pdacb_cell_1101	Ductal - MHC Class II
pdacb_cell_1102	Ductal - terminal ductal like
pdacb_cell_1103	Ductal - terminal ductal like
pdacb_cell_1104	Cancer
pdacb_cell_1105	Ductal - MHC Class II
pdacb_cell_1106	Ductal - terminal ductal like
pdacb_cell_1107	Cancer
pdacb_cell_1108	Ductal - MHC Class II
pdacb_cell_1109	Ductal - terminal ductal like
pdacb_cell_1110	Cancer
pdacb_cell_1111	Ductal - terminal ductal like
pdacb_cell_1112	Ductal - terminal ductal like
pdacb_cell_1113	Ductal - MHC Class II
pdacb_cell_1114	Ductal - terminal ductal like
pdacb_cell_1115	Ductal - terminal ductal like
pdacb_cell_1116	Ductal - CRISP3 high
pdacb_cell_1117	Ductal - terminal ductal like
pdacb_cell_1118	Ductal - terminal ductal like
pdacb_cell_1119	Ductal - terminal ductal like
pdacb_cell_1120	Tuft cells
pdacb_cell_1121	Ductal - terminal ductal like
pdacb_cell_1122	Ductal - terminal ductal like
pdacb_cell_1123	Ductal - terminal ductal like
pdacb_cell_1124	Ductal - MHC Class II
pdacb_cell_1125	Ductal - terminal ductal like
pdacb_cell_1126	Ductal - terminal ductal like
pdacb_cell_1127	Ductal - terminal ductal like
pdacb_cell_1128	Cancer
pdacb_cell_1129	Ductal - terminal ductal like
pdacb_cell_1130	Ductal - terminal ductal like
pdacb_cell_1131	Ductal - terminal ductal like
pdacb_cell_1132	Ductal - terminal ductal like
pdacb_cell_1133	Endocrine cells
pdacb_cell_1134	Ductal - terminal ductal like
pdacb_cell_1135	Ductal - terminal ductal like
pdacb_cell_1136	Cancer
pdacb_cell_1137	Endothelial cells
pdacb_cell_1138	Ductal - terminal ductal like
pdacb_cell_1139	Endothelial cells
pdacb_cell_1140	Cancer
pdacb_cell_1141	Ductal - terminal ductal like
pdacb_cell_1142	Ductal - terminal ductal like
pdacb_cell_1143	Ductal - CRISP3 high
pdacb_cell_1144	Cancer
pdacb_cell_1145	Ductal - CRISP3 high
pdacb_cell_1146	Ductal - MHC Class II
pdacb_cell_1147	Ductal - terminal ductal like
pdacb_cell_1148	Ductal - MHC Class II
pdacb_cell_1149	Endothelial cells
pdacb_cell_1150	Ductal - MHC Class II
pdacb_cell_1151	Ductal - terminal ductal like
pdacb_cell_1152	Ductal - terminal ductal like
pdacb_cell_1153	Ductal - terminal ductal like
pdacb_cell_1154	Ductal - MHC Class II
pdacb_cell_1155	Endocrine cells
pdacb_cell_1156	Cancer
pdacb_cell_1157	Ductal - terminal ductal like
pdacb_cell_1158	Cancer
pdacb_cell_1159	Cancer
pdacb_cell_1160	Cancer
pdacb_cell_1161	Cancer
pdacb_cell_1162	Ductal - terminal ductal like
pdacb_cell_1163	Ductal - terminal ductal like
pdacb_cell_1164	Ductal - terminal ductal like
pdacb_cell_1165	Ductal - terminal ductal like
pdacb_cell_1166	Ductal - terminal ductal like
pdacb_cell_1167	Ductal - terminal ductal like
pdacb_cell_1168	Ductal - CRISP3 high
pdacb_cell_1169	Ductal - terminal ductal like
pdacb_cell_1170	Ductal - MHC Class II
pdacb_cell_1172	Cancer
pdacb_cell_1173	Cancer
pdacb_cell_1174	Cancer
pdacb_cell_1175	Ductal - terminal ductal like
pdacb_cell_1176	Endothelial cells
pdacb_cell_1177	Cancer
pdacb_cell_1178	Ductal - terminal ductal like
pdacb_cell_1179	Ductal - terminal ductal like
pdacb_cell_1180	Endothelial cells
pdacb_cell_1181	Ductal - MHC Class II
pdacb_cell_1182	Ductal - CRISP3 high
pdacb_cell_1183	mDCs
pdacb_cell_1184	Ductal - terminal ductal like
pdacb_cell_1185	Endothelial cells
pdacb_cell_1186	Endothelial cells
pdacb_cell_1187	Ductal - terminal ductal like
pdacb_cell_1188	Cancer
pdacb_cell_1189	Mast cells
pdacb_cell_1190	Ductal - terminal ductal like
pdacb_cell_1191	Ductal - MHC Class II
pdacb_cell_1192	Cancer
pdacb_cell_1193	Ductal - terminal ductal like
pdacb_cell_1194	Cancer
pdacb_cell_1195	Ductal - terminal ductal like
pdacb_cell_1196	Endothelial cells
pdacb_cell_1197	Endothelial cells
pdacb_cell_1198	Ductal - CRISP3 high
pdacb_cell_1199	Ductal - terminal ductal like
pdacb_cell_1200	Cancer
pdacb_cell_1201	Ductal - terminal ductal like
pdacb_cell_1202	Ductal - terminal ductal like
pdacb_cell_1203	Ductal - terminal ductal like
pdacb_cell_1204	Ductal - CRISP3 high
pdacb_cell_1205	Endothelial cells
pdacb_cell_1206	Ductal - MHC Class II
pdacb_cell_1207	Cancer
pdacb_cell_1208	Ductal - terminal ductal like
pdacb_cell_1209	Cancer
pdacb_cell_1210	Tuft cells
pdacb_cell_1211	Cancer
pdacb_cell_1212	Cancer
pdacb_cell_1213	Cancer
pdacb_cell_1214	Ductal - terminal ductal like
pdacb_cell_1215	Ductal - terminal ductal like
pdacb_cell_1216	Ductal - terminal ductal like
pdacb_cell_1217	Ductal - terminal ductal like
pdacb_cell_1218	Ductal - terminal ductal like
pdacb_cell_1219	Ductal - terminal ductal like
pdacb_cell_1220	Ductal - terminal ductal like
pdacb_cell_1221	Cancer
pdacb_cell_1222	Ductal - terminal ductal like
pdacb_cell_1223	Cancer
pdacb_cell_1224	Ductal - CRISP3 high
pdacb_cell_1225	Ductal - terminal ductal like
pdacb_cell_1226	Cancer
pdacb_cell_1227	Ductal - MHC Class II
pdacb_cell_1228	Endocrine cells
pdacb_cell_1229	Ductal - terminal ductal like
pdacb_cell_1230	Endothelial cells
pdacb_cell_1231	Cancer
pdacb_cell_1232	Ductal - terminal ductal like
pdacb_cell_1233	Cancer
pdacb_cell_1234	Cancer
pdacb_cell_1235	Endothelial cells
pdacb_cell_1236	Ductal - CRISP3 high
pdacb_cell_1237	Endothelial cells
pdacb_cell_1238	Cancer
pdacb_cell_1239	Ductal - MHC Class II
pdacb_cell_1240	Cancer
pdacb_cell_1241	Ductal - terminal ductal like
pdacb_cell_1242	Ductal - terminal ductal like
pdacb_cell_1243	Cancer
pdacb_cell_1244	Endothelial cells
pdacb_cell_1245	Ductal - CRISP3 high
pdacb_cell_1246	Cancer
pdacb_cell_1247	Mast cells
pdacb_cell_1248	Ductal - terminal ductal like
pdacb_cell_1249	Cancer
pdacb_cell_1250	Ductal - MHC Class II
pdacb_cell_1251	Ductal - terminal ductal like
pdacb_cell_1252	Ductal - terminal ductal like
pdacb_cell_1253	Ductal - terminal ductal like
pdacb_cell_1254	Ductal - MHC Class II
pdacb_cell_1255	Cancer
pdacb_cell_1256	Ductal - CRISP3 high
pdacb_cell_1257	Ductal - terminal ductal like
pdacb_cell_1258	Ductal - terminal ductal like
pdacb_cell_1259	Cancer
pdacb_cell_1260	Cancer
pdacb_cell_1261	Ductal - terminal ductal like
pdacb_cell_1262	Ductal - terminal ductal like
pdacb_cell_1263	Endothelial cells
pdacb_cell_1264	Ductal - terminal ductal like
pdacb_cell_1265	Cancer
pdacb_cell_1266	Cancer
pdacb_cell_1267	Ductal - terminal ductal like
pdacb_cell_1268	Ductal - CRISP3 high
pdacb_cell_1269	Cancer
pdacb_cell_1270	Ductal - CRISP3 high
pdacb_cell_1271	Cancer
pdacb_cell_1272	Tuft cells
pdacb_cell_1273	Ductal - terminal ductal like
pdacb_cell_1274	Ductal - MHC Class II
pdacb_cell_1275	Endothelial cells
pdacb_cell_1276	Endothelial cells
pdacb_cell_1277	Ductal - MHC Class II
pdacb_cell_1278	Cancer
pdacb_cell_1279	Ductal - MHC Class II
pdacb_cell_1280	Cancer
pdacb_cell_1281	Ductal - CRISP3 high
pdacb_cell_1282	Cancer
pdacb_cell_1283	Ductal - terminal ductal like
pdacb_cell_1284	Endothelial cells
pdacb_cell_1285	mDCs
pdacb_cell_1286	Ductal - CRISP3 high
pdacb_cell_1287	Cancer
pdacb_cell_1288	Ductal - MHC Class II
pdacb_cell_1289	Ductal - MHC Class II
pdacb_cell_1290	Ductal - CRISP3 high
pdacb_cell_1291	Ductal - MHC Class II
pdacb_cell_1292	Ductal - MHC Class II
pdacb_cell_1293	Ductal - terminal ductal like
pdacb_cell_1294	Cancer
pdacb_cell_1295	Cancer
pdacb_cell_1296	Ductal - terminal ductal like
pdacb_cell_1297	Ductal - MHC Class II
pdacb_cell_1298	Cancer
pdacb_cell_1299	Endothelial cells
pdacb_cell_1300	Ductal - terminal ductal like
pdacb_cell_1301	Endothelial cells
pdacb_cell_1302	Ductal - CRISP3 high
pdacb_cell_1303	Macrophages
pdacb_cell_1304	Ductal - terminal ductal like
pdacb_cell_1305	Ductal - terminal ductal like
pdacb_cell_1306	Endothelial cells
pdacb_cell_1307	Ductal - MHC Class II
pdacb_cell_1308	Cancer
pdacb_cell_1309	Ductal - MHC Class II
pdacb_cell_1310	Ductal - terminal ductal like
pdacb_cell_1311	Ductal - terminal ductal like
pdacb_cell_1312	Endothelial cells
pdacb_cell_1313	Ductal - terminal ductal like
pdacb_cell_1314	Cancer
pdacb_cell_1315	Cancer
pdacb_cell_1316	Ductal - terminal ductal like
pdacb_cell_1317	Ductal - terminal ductal like
pdacb_cell_1318	Ductal - terminal ductal like
pdacb_cell_1319	Cancer
pdacb_cell_1320	Ductal - terminal ductal like
pdacb_cell_1321	Cancer
pdacb_cell_1322	Ductal - terminal ductal like
pdacb_cell_1323	Endothelial cells
pdacb_cell_1324	Cancer
pdacb_cell_1325	Ductal - terminal ductal like
pdacb_cell_1326	Ductal - MHC Class II
pdacb_cell_1327	Ductal - MHC Class II
pdacb_cell_1328	Ductal - MHC Class II
pdacb_cell_1329	Ductal - MHC Class II
pdacb_cell_1330	Cancer
pdacb_cell_1331	Endothelial cells
pdacb_cell_1332	Ductal - MHC Class II
pdacb_cell_1333	Ductal - terminal ductal like
pdacb_cell_1334	Ductal - CRISP3 high
pdacb_cell_1335	Ductal - terminal ductal like
pdacb_cell_1336	Ductal - terminal ductal like
pdacb_cell_1337	Ductal - terminal ductal like
pdacb_cell_1338	Ductal - terminal ductal like
pdacb_cell_1339	Cancer
pdacb_cell_1340	Ductal - terminal ductal like
pdacb_cell_1341	Endothelial cells
pdacb_cell_1342	Ductal - terminal ductal like
pdacb_cell_1343	Ductal - terminal ductal like
pdacb_cell_1344	Tuft cells
pdacb_cell_1345	Ductal - MHC Class II
pdacb_cell_1346	Ductal - terminal ductal like
pdacb_cell_1347	Ductal - terminal ductal like
pdacb_cell_1348	Tuft cells
pdacb_cell_1349	Ductal - terminal ductal like
pdacb_cell_1350	Tuft cells
pdacb_cell_1351	Cancer
pdacb_cell_1352	Ductal - terminal ductal like
pdacb_cell_1353	Ductal - terminal ductal like
pdacb_cell_1354	Cancer
pdacb_cell_1355	Ductal - MHC Class II
pdacb_cell_1356	Endothelial cells
pdacb_cell_1357	Ductal - terminal ductal like
pdacb_cell_1358	Ductal - terminal ductal like
pdacb_cell_1359	Cancer
pdacb_cell_1360	Mast cells
pdacb_cell_1361	Cancer
pdacb_cell_1362	Endothelial cells
pdacb_cell_1363	Ductal - terminal ductal like
pdacb_cell_1364	Endothelial cells
pdacb_cell_1365	Ductal - terminal ductal like
pdacb_cell_1366	Ductal - terminal ductal like
pdacb_cell_1367	Endothelial cells
pdacb_cell_1368	Ductal - terminal ductal like
pdacb_cell_1369	Endocrine cells
pdacb_cell_1370	Ductal - CRISP3 high
pdacb_cell_1371	Ductal - terminal ductal like
pdacb_cell_1372	Ductal - terminal ductal like
pdacb_cell_1373	Ductal - CRISP3 high
pdacb_cell_1374	Ductal - CRISP3 high
pdacb_cell_1375	Cancer
pdacb_cell_1376	Ductal - terminal ductal like
pdacb_cell_1377	Endothelial cells
pdacb_cell_1378	Cancer
pdacb_cell_1379	Ductal - terminal ductal like
pdacb_cell_1380	Ductal - terminal ductal like
pdacb_cell_1381	Ductal - terminal ductal like
pdacb_cell_1382	Tuft cells
pdacb_cell_1383	Ductal - MHC Class II
pdacb_cell_1384	Ductal - terminal ductal like
pdacb_cell_1385	Endothelial cells
pdacb_cell_1386	Ductal - terminal ductal like
pdacb_cell_1387	Endothelial cells
pdacb_cell_1388	Ductal - CRISP3 high
pdacb_cell_1389	Endothelial cells
pdacb_cell_1390	Ductal - terminal ductal like
pdacb_cell_1391	Ductal - terminal ductal like
pdacb_cell_1392	Ductal - terminal ductal like
pdacb_cell_1393	Cancer
pdacb_cell_1394	Endothelial cells
pdacb_cell_1395	Cancer
pdacb_cell_1396	Ductal - terminal ductal like
pdacb_cell_1397	Ductal - terminal ductal like
pdacb_cell_1398	Ductal - terminal ductal like
pdacb_cell_1399	Endothelial cells
pdacb_cell_1400	Cancer
pdacb_cell_1401	Ductal - CRISP3 high
pdacb_cell_1402	Cancer
pdacb_cell_1403	Ductal - MHC Class II
pdacb_cell_1404	Ductal - CRISP3 high
pdacb_cell_1405	mDCs
pdacb_cell_1406	Ductal - MHC Class II
pdacb_cell_1407	Ductal - MHC Class II
pdacb_cell_1408	Ductal - terminal ductal like
pdacb_cell_1409	Ductal - MHC Class II
pdacb_cell_1410	Ductal - terminal ductal like
pdacb_cell_1411	Ductal - terminal ductal like
pdacb_cell_1412	Endothelial cells
pdacb_cell_1413	Macrophages
pdacb_cell_1414	Endothelial cells
pdacb_cell_1415	Endothelial cells
pdacb_cell_1416	Ductal - terminal ductal like
pdacb_cell_1417	Ductal - CRISP3 high
pdacb_cell_1418	Ductal - terminal ductal like
pdacb_cell_1419	Endothelial cells
pdacb_cell_1420	Ductal - terminal ductal like
pdacb_cell_1421	Endothelial cells
pdacb_cell_1422	Ductal - CRISP3 high
pdacb_cell_1423	Cancer
pdacb_cell_1424	Ductal - terminal ductal like
pdacb_cell_1425	Tuft cells
pdacb_cell_1426	Ductal - terminal ductal like
pdacb_cell_1427	Ductal - terminal ductal like
pdacb_cell_1428	Cancer
pdacb_cell_1429	Ductal - terminal ductal like
pdacb_cell_1430	Ductal - terminal ductal like
pdacb_cell_1431	Ductal - terminal ductal like
pdacb_cell_1432	Endothelial cells
pdacb_cell_1433	Ductal - terminal ductal like
pdacb_cell_1434	Endothelial cells
pdacb_cell_1435	Ductal - terminal ductal like
pdacb_cell_1436	Ductal - terminal ductal like
pdacb_cell_1437	Ductal - terminal ductal like
pdacb_cell_1438	Cancer
pdacb_cell_1439	Cancer
pdacb_cell_1440	Ductal - terminal ductal like
pdacb_cell_1441	Ductal - terminal ductal like
pdacb_cell_1442	Ductal - terminal ductal like
pdacb_cell_1443	Cancer
pdacb_cell_1444	Ductal - CRISP3 high
pdacb_cell_1445	Ductal - terminal ductal like
pdacb_cell_1446	Ductal - terminal ductal like
pdacb_cell_1447	Ductal - terminal ductal like
pdacb_cell_1448	Ductal - terminal ductal like
pdacb_cell_1449	Ductal - terminal ductal like
pdacb_cell_1450	Ductal - terminal ductal like
pdacb_cell_1451	Cancer
pdacb_cell_1452	Ductal - terminal ductal like
pdacb_cell_1453	Ductal - terminal ductal like
pdacb_cell_1454	Ductal - MHC Class II
pdacb_cell_1455	Cancer
pdacb_cell_1456	Ductal - terminal ductal like
pdacb_cell_1457	Ductal - CRISP3 high
pdacb_cell_1458	Ductal - CRISP3 high
pdacb_cell_1459	Ductal - terminal ductal like
pdacb_cell_1460	Cancer
pdacb_cell_1461	Ductal - MHC Class II
pdacb_cell_1462	Ductal - terminal ductal like
pdacb_cell_1463	Cancer
pdacb_cell_1464	Ductal - CRISP3 high
pdacb_cell_1465	Cancer
pdacb_cell_1466	Ductal - MHC Class II
pdacb_cell_1467	Endothelial cells
pdacb_cell_1468	mDCs
pdacb_cell_1469	Ductal - MHC Class II
pdacb_cell_1470	Cancer
pdacb_cell_1471	Ductal - terminal ductal like
pdacb_cell_1472	Cancer
pdacb_cell_1473	Ductal - MHC Class II
pdacb_cell_1474	Cancer
pdacb_cell_1475	Ductal - CRISP3 high
pdacb_cell_1476	Ductal - CRISP3 high
pdacb_cell_1477	Endothelial cells
pdacb_cell_1478	Ductal - terminal ductal like
pdacb_cell_1479	Ductal - terminal ductal like
pdacb_cell_1480	Ductal - terminal ductal like
pdacb_cell_1481	Endothelial cells
pdacb_cell_1482	Endothelial cells
pdacb_cell_1483	Tuft cells
pdacb_cell_1484	Ductal - terminal ductal like
pdacb_cell_1485	Endothelial cells
pdacb_cell_1486	Ductal - terminal ductal like
pdacb_cell_1487	Ductal - CRISP3 high
pdacb_cell_1488	Cancer
pdacb_cell_1489	Ductal - terminal ductal like
pdacb_cell_1490	Ductal - terminal ductal like
pdacb_cell_1491	Ductal - terminal ductal like
pdacb_cell_1492	Ductal - terminal ductal like
pdacb_cell_1493	Cancer
pdacb_cell_1494	Ductal - terminal ductal like
pdacb_cell_1495	mDCs
pdacb_cell_1496	Ductal - MHC Class II
pdacb_cell_1497	Tuft cells
pdacb_cell_1498	Endothelial cells
pdacb_cell_1499	Cancer
pdacb_cell_1500	mDCs
pdacb_cell_1501	Ductal - terminal ductal like
pdacb_cell_1502	Tuft cells
pdacb_cell_1503	Ductal - MHC Class II
pdacb_cell_1504	Ductal - terminal ductal like
pdacb_cell_1505	Ductal - MHC Class II
pdacb_cell_1506	Ductal - MHC Class II
pdacb_cell_1507	Cancer
pdacb_cell_1508	Ductal - CRISP3 high
pdacb_cell_1509	Endothelial cells
pdacb_cell_1510	Ductal - CRISP3 high
pdacb_cell_1511	Ductal - terminal ductal like
pdacb_cell_1512	Cancer
pdacb_cell_1513	Cancer
pdacb_cell_1514	Endothelial cells
pdacb_cell_1515	Ductal - CRISP3 high
pdacb_cell_1516	mDCs
pdacb_cell_1517	Cancer
pdacb_cell_1518	mDCs
pdacb_cell_1519	Ductal - terminal ductal like
pdacb_cell_1520	Ductal - terminal ductal like
pdacb_cell_1521	Ductal - MHC Class II
pdacb_cell_1522	Ductal - CRISP3 high
pdacb_cell_1523	Endothelial cells
pdacb_cell_1524	Ductal - terminal ductal like
pdacb_cell_1525	Cancer
pdacb_cell_1526	Cancer
pdacb_cell_1527	Ductal - MHC Class II
pdacb_cell_1528	Cancer
pdacb_cell_1529	Ductal - terminal ductal like
pdacb_cell_1530	Ductal - MHC Class II
pdacb_cell_1531	Ductal - CRISP3 high
pdacb_cell_1532	Cancer
pdacb_cell_1533	Ductal - terminal ductal like
pdacb_cell_1534	Cancer
pdacb_cell_1535	Endothelial cells
pdacb_cell_1536	Ductal - terminal ductal like
pdacb_cell_1537	Cancer
pdacb_cell_1538	Ductal - CRISP3 high
pdacb_cell_1539	Ductal - MHC Class II
pdacb_cell_1540	Ductal - terminal ductal like
pdacb_cell_1541	Ductal - CRISP3 high
pdacb_cell_1542	Endocrine cells
pdacb_cell_1543	Cancer
pdacb_cell_1544	Ductal - terminal ductal like
pdacb_cell_1545	Ductal - MHC Class II
pdacb_cell_1546	Ductal - terminal ductal like
pdacb_cell_1547	Cancer
pdacb_cell_1548	Ductal - terminal ductal like
pdacb_cell_1549	Ductal - terminal ductal like
pdacb_cell_1550	Ductal - CRISP3 high
pdacb_cell_1551	Ductal - terminal ductal like
pdacb_cell_1552	Ductal - terminal ductal like
pdacb_cell_1553	mDCs
pdacb_cell_1554	Ductal - terminal ductal like
pdacb_cell_1555	Ductal - CRISP3 high
pdacb_cell_1556	Cancer
pdacb_cell_1557	Cancer
pdacb_cell_1558	Endothelial cells
pdacb_cell_1559	Ductal - terminal ductal like
pdacb_cell_1560	Ductal - terminal ductal like
pdacb_cell_1561	Ductal - CRISP3 high
pdacb_cell_1562	Ductal - terminal ductal like
pdacb_cell_1563	Ductal - MHC Class II
pdacb_cell_1564	Ductal - CRISP3 high
pdacb_cell_1565	Ductal - MHC Class II
pdacb_cell_1566	Cancer
pdacb_cell_1567	Cancer
pdacb_cell_1568	Cancer
pdacb_cell_1569	Ductal - terminal ductal like
pdacb_cell_1570	Ductal - terminal ductal like
pdacb_cell_1571	Ductal - terminal ductal like
pdacb_cell_1572	Ductal - MHC Class II
pdacb_cell_1573	Ductal - terminal ductal like
pdacb_cell_1574	Endothelial cells
pdacb_cell_1575	Ductal - MHC Class II
pdacb_cell_1576	Cancer
pdacb_cell_1577	Tuft cells
pdacb_cell_1578	Cancer
pdacb_cell_1579	Ductal - terminal ductal like
pdacb_cell_1580	Ductal - CRISP3 high
pdacb_cell_1581	Ductal - CRISP3 high
pdacb_cell_1582	Tuft cells
pdacb_cell_1583	Ductal - terminal ductal like
pdacb_cell_1584	Cancer
pdacb_cell_1585	Ductal - CRISP3 high
pdacb_cell_1586	Cancer
pdacb_cell_1587	Ductal - terminal ductal like
pdacb_cell_1588	Cancer
pdacb_cell_1589	Cancer
pdacb_cell_1590	Ductal - terminal ductal like
pdacb_cell_1591	Cancer
pdacb_cell_1592	Ductal - terminal ductal like
pdacb_cell_1593	Ductal - MHC Class II
pdacb_cell_1594	Cancer
pdacb_cell_1595	Endothelial cells
pdacb_cell_1596	Ductal - CRISP3 high
pdacb_cell_1597	Ductal - terminal ductal like
pdacb_cell_1598	Ductal - CRISP3 high
pdacb_cell_1599	Cancer
pdacb_cell_1600	Endothelial cells
pdacb_cell_1601	Endothelial cells
pdacb_cell_1602	Ductal - CRISP3 high
pdacb_cell_1603	Endothelial cells
pdacb_cell_1604	Ductal - terminal ductal like
pdacb_cell_1605	Ductal - terminal ductal like
pdacb_cell_1606	Ductal - CRISP3 high
pdacb_cell_1607	Cancer
pdacb_cell_1608	Ductal - MHC Class II
pdacb_cell_1609	Endothelial cells
pdacb_cell_1610	Ductal - terminal ductal like
pdacb_cell_1611	Ductal - CRISP3 high
pdacb_cell_1612	Ductal - CRISP3 high
pdacb_cell_1613	Ductal - MHC Class II
pdacb_cell_1614	Cancer
pdacb_cell_1615	Ductal - terminal ductal like
pdacb_cell_1616	Ductal - terminal ductal like
pdacb_cell_1617	Ductal - terminal ductal like
pdacb_cell_1618	Ductal - terminal ductal like
pdacb_cell_1619	Ductal - MHC Class II
pdacb_cell_1620	Cancer
pdacb_cell_1621	Ductal - terminal ductal like
pdacb_cell_1622	Ductal - CRISP3 high
pdacb_cell_1623	Ductal - terminal ductal like
pdacb_cell_1624	Ductal - terminal ductal like
pdacb_cell_1625	Ductal - CRISP3 high
pdacb_cell_1626	Ductal - CRISP3 high
pdacb_cell_1627	Ductal - CRISP3 high
pdacb_cell_1628	Endothelial cells
pdacb_cell_1629	Endothelial cells
pdacb_cell_1630	Ductal - MHC Class II
pdacb_cell_1631	mDCs
pdacb_cell_1632	Ductal - terminal ductal like
pdacb_cell_1633	Ductal - MHC Class II
pdacb_cell_1634	Ductal - CRISP3 high
pdacb_cell_1635	Mast cells
pdacb_cell_1636	Ductal - MHC Class II
pdacb_cell_1637	Ductal - MHC Class II
pdacb_cell_1638	Ductal - CRISP3 high
pdacb_cell_1639	Ductal - CRISP3 high
pdacb_cell_1640	Ductal - terminal ductal like
pdacb_cell_1641	Ductal - terminal ductal like
pdacb_cell_1642	Cancer
pdacb_cell_1643	Cancer
pdacb_cell_1644	Ductal - CRISP3 high
pdacb_cell_1645	Ductal - terminal ductal like
pdacb_cell_1646	Ductal - CRISP3 high
pdacb_cell_1647	Ductal - MHC Class II
pdacb_cell_1648	Ductal - terminal ductal like
pdacb_cell_1649	Ductal - MHC Class II
pdacb_cell_1650	mDCs
pdacb_cell_1651	Cancer
pdacb_cell_1652	Cancer
pdacb_cell_1653	Ductal - terminal ductal like
pdacb_cell_1654	Endothelial cells
pdacb_cell_1655	Cancer
pdacb_cell_1656	Ductal - terminal ductal like
pdacb_cell_1657	Mast cells
pdacb_cell_1658	Cancer
pdacb_cell_1659	Ductal - terminal ductal like
pdacb_cell_1660	mDCs
pdacb_cell_1661	Cancer
pdacb_cell_1662	Macrophages
pdacb_cell_1663	Ductal - terminal ductal like
pdacb_cell_1664	Ductal - terminal ductal like
pdacb_cell_1665	Ductal - MHC Class II
pdacb_cell_1666	Ductal - terminal ductal like
pdacb_cell_1667	Ductal - terminal ductal like
pdacb_cell_1668	mDCs
pdacb_cell_1669	Cancer
pdacb_cell_1670	Endothelial cells
pdacb_cell_1671	Tuft cells
pdacb_cell_1672	Endothelial cells
pdacb_cell_1673	Endothelial cells
pdacb_cell_1674	Ductal - CRISP3 high
pdacb_cell_1675	mDCs
pdacb_cell_1676	Ductal - MHC Class II
pdacb_cell_1677	Endothelial cells
pdacb_cell_1678	Ductal - CRISP3 high
pdacb_cell_1679	Cancer
pdacb_cell_1680	Ductal - MHC Class II
pdacb_cell_1681	Mast cells
pdacb_cell_1682	Cancer
pdacb_cell_1683	Ductal - terminal ductal like
pdacb_cell_1684	Cancer
pdacb_cell_1685	Ductal - terminal ductal like
pdacb_cell_1686	Ductal - terminal ductal like
pdacb_cell_1687	Ductal - terminal ductal like
pdacb_cell_1688	Cancer
pdacb_cell_1689	Cancer
pdacb_cell_1690	Ductal - terminal ductal like
pdacb_cell_1691	Cancer
pdacb_cell_1692	Ductal - terminal ductal like
pdacb_cell_1693	Ductal - terminal ductal like
pdacb_cell_1694	Ductal - terminal ductal like
pdacb_cell_1695	Cancer
pdacb_cell_1696	Cancer
pdacb_cell_1697	Ductal - terminal ductal like
pdacb_cell_1698	Ductal - terminal ductal like
pdacb_cell_1699	Mast cells
pdacb_cell_1700	Tuft cells
pdacb_cell_1701	Ductal - terminal ductal like
pdacb_cell_1702	Ductal - terminal ductal like
pdacb_cell_1703	Ductal - MHC Class II
pdacb_cell_1704	Mast cells
pdacb_cell_1705	Mast cells
pdacb_cell_1706	Ductal - CRISP3 high
pdacb_cell_1707	Monocytes
pdacb_cell_1708	Cancer
pdacb_cell_1709	Endothelial cells
pdacb_cell_1710	Ductal - terminal ductal like
pdacb_cell_1711	Tuft cells
pdacb_cell_1712	Ductal - terminal ductal like
pdacb_cell_1713	Ductal - terminal ductal like
pdacb_cell_1714	Macrophages
pdacb_cell_1715	Ductal - terminal ductal like
pdacb_cell_1716	Cancer
pdacb_cell_1717	Ductal - terminal ductal like
pdacb_cell_1718	Monocytes
pdacb_cell_1719	Ductal - terminal ductal like
pdacb_cell_1720	Ductal - terminal ductal like
pdacb_cell_1721	Cancer
pdacb_cell_1722	Macrophages
pdacb_cell_1723	Ductal - terminal ductal like
pdacb_cell_1724	Ductal - terminal ductal like
pdacb_cell_1725	Monocytes
pdacb_cell_1726	Monocytes
pdacb_cell_1727	Cancer
pdacb_cell_1728	Monocytes
pdacb_cell_1729	Cancer
pdacb_cell_1730	Ductal - terminal ductal like
pdacb_cell_1731	Monocytes
